employee_id,first_name,last_name,email,password,gender,Salary,SSN,bank_routing_number,Address
100,Taddeo,Gingel,tgingel3n@cargocollective.com,"gJ2_dYY?'5.",Male,50000.00,186-37-6087,081517897,143 Dakota Pass
101,Sonnie,Phillot,sphillot1d@hibu.com,"hT3%,.2Sj",Female,247911.87,591-54-2570,081206373,5 Bultman Point
102,Conrad,Seiffert,cseifferti@virginia.edu,"vP3}2Tim/5ak65",Male,197895.48,343-87-2555,271071321,0 Schiller Pass
103,Adelina,Parnham,aparnham37@webmd.com,"xB6,&!pdjd""xka",Agender,123148.48,111-54-8382,211273309,035 Ryan Crossing
104,Cris,Deveril,cdeveril1k@issuu.com,"zJ6_(}uREgEQ5>",Female,54615.44,702-07-4012,254070132,16 Sachs Avenue
105,Teressa,Matresse,tmatresse2m@smugmug.com,"dL8&|!L&8)k*T|",Female,106522.67,127-17-2454,107005047,61325 Sugar Avenue
106,Carmen,Tomet,ctomet2r@yahoo.co.jp,"yE6`MK@G2",Female,91778.46,457-15-4450,044103523,175 Fremont Street
107,Dael,Coatsworth,dcoatsworth2s@house.gov,"tX7<E/`?",Male,33795.31,480-73-5637,243373222,4159 Larry Center
108,Robyn,Alstead,ralstead18@storify.com,"yO5}qH+i",Female,107438.25,446-53-2562,073914822,5697 Scofield Terrace
112,Deane,Blemings,dblemings40@craigslist.org,"vI0*i=Ys",Male,224056.26,820-09-7175,091205733,9561 Oak Valley Circle
115,Kris,Dennerly,kdennerlyd@answers.com,"sW3@$BwOejRz7",Agender,164992.55,175-90-4606,111315794,908 Boyd Plaza
117,Patty,Muckley,pmuckley17@ucoz.com,"qN9&dmZzbL",Female,58948.40,489-83-0334,122240340,44 Oriole Drive
118,Sherman,Bendin,sbendin1o@yale.edu,"hV9+HL6K_5{k""<9",Male,156328.28,261-87-7777,114917924,717 4th Point
120,Zelda,Abells,zabells3i@go.com,"password",Female,201531.47,871-29-3127,084008358,5 Larry Place
122,Devan,Benka,dbenka3x@nasa.gov,"dE3(aF8n",Female,68143.95,810-85-2240,211470319,44 Stephen Alley
123,Royal,Abramovitch,rabramovitch34@phoca.cz,"pK9'(k<hV`qbmL4",Male,156992.12,192-22-3204,031305596,9806 American Ash Park
124,Carmelina,Spickett,cspickettu@addthis.com,"tL8|WlY==bWq<""m",Female,41290.80,157-96-0325,021502095,05 Hooker Hill
125,Nickie,Ker,nker1r@hostgator.com,"dS4`dZNar",Female,90814.27,155-39-6248,042207308,2 Moulton Avenue
126,Humfrid,Bastie,hbastie3u@seattletimes.com,"pH3@Ph$2>vqc0U",Male,100859.61,408-36-9690,053101529,94862 Westport Way
127,Perrine,Tuther,ptuther3o@devhub.com,"tA6/U#r+oJNF3",Agender,263993.71,475-15-7547,211574613,04 Nelson Court
129,Menard,Cote,mcote43@mediafire.com,"zR8}vY%tckS",Male,250011.93,231-25-8715,011807043,119 Garrison Point
132,Freddi,Brunsdon,fbrunsdon2h@webs.com,"gS2(br2(8mBM!",Bigender,50489.56,247-60-2330,111993776,4059 Shasta Point
135,Veronique,Bettanay,vbettanay10@yellowpages.com,"mF0>EA|VDmI/f8",Female,256115.03,272-75-9068,073909578,857 Melody Road
136,James,McAuley,jmcauley9@drupal.org,"yX5""yKWiC",Male,25744.44,883-03-2897,211174369,9288 Lakewood Gardens Way
137,Otto,Boddie,oboddie42@bloglovin.com,"xF0_T/!Z?j",Male,259294.04,786-70-5562,091215626,9664 Oriole Point
138,Federico,Humble,fhumble3c@ebay.com,"kM1*<,2J|",Male,116510.57,881-55-4310,071922298,526 Northridge Alley
141,Irwin,Farrears,ifarrears1p@dell.com,"eO2_y`B|y1ALy4",Male,293422.06,283-74-5190,054001725,129 School Center
142,Morgan,Metherell,mmetherell2v@huffingtonpost.com,"jJ7/s}FtP2",Female,237507.80,690-71-7144,284373838,618 Meadow Valley Terrace
143,Waverley,Warsap,wwarsapc@skype.com,"zH9|r6)n%+W",Male,277478.73,394-51-0037,103000017,76 Miller Way
144,Doroteya,Melmar,dmelmar1s@google.com,"jP0%WyeOeXQ3B*$}",Genderqueer,220083.70,459-16-0654,064202682,8112 Hauk Pass
145,Averyl,Pipet,apipet26@acquirethisname.com,"qY5.3r,X",Female,299684.75,781-54-0359,083905326,78 Susan Crossing
146,Phaidra,Cawthorne,pcawthorne15@bloomberg.com,"cH9Q'*p,h",Female,47254.16,411-87-5905,043400036,6 Hazelcrest Park
147,Robinett,Boult,rboult2x@pagesperso-orange.fr,"oE8'yX'I&",Female,159387.59,161-09-9787,043318092,864 Lakewood Gardens Park
150,Glennie,Cossans,gcossans41@amazon.de,"oG1_IAPr",Female,201338.42,215-23-5080,253272368,29 Mayfield Point
151,Alexandrina,Westmerland,awestmerland6@themeforest.net,"vK8Yy6Cgn",Female,27213.91,438-42-3010,125107642,6311 Darwin Road
152,Cortney,Christofol,cchristofol2o@army.mil,"iL6%mYGR9",Female,298239.38,490-31-2458,011100106,6436 Dunning Terrace
153,Giacobo,Applegarth,gapplegarthr@bravesites.com,"bY3}@}Q4Z%xXyq",Male,72651.10,519-04-5619,074912988,89 Northwestern Circle
155,Hy,Mervyn,hmervyn39@cargocollective.com,"kX9,Jw)=ctlO3",Genderqueer,84110.12,223-27-1560,081004601,90 Bayside Plaza
156,Mirella,Haddacks,mhaddacks2b@mac.com,"fW3=D`MM.lOF%",Female,270647.78,489-04-1898,221982156,5 Waubesa Lane
157,Colline,Bayford,cbayford3e@smh.com.au,"hX8`1yo`pvqLa{G",Genderfluid,225434.04,204-97-3250,122203950,8 Kenwood Junction
159,Kristopher,Rigeby,krigeby4@jigsy.com,"bU3#(17@",Male,113082.19,124-49-5188,051409210,1251 Bunting Way
163,Alister,Camble,acamble2l@amazon.com,"fB3""&zx$FzA",Male,78987.27,648-41-9428,053112055,6 Westridge Pass
165,Kalina,Cloute,kcloute2u@free.fr,"mF0{eHcJh>juk~",Non-binary,210898.94,474-99-5051,107006059,8939 Melrose Trail
166,Tanhya,Goldwater,tgoldwater8@senate.gov,"nA4#A?9sA",Female,25673.22,516-51-4789,104901717,26046 Golf View Court
168,Jasen,Loude,jloudex@purevolume.com,"lT8""TTiBN",Male,141043.15,253-56-0278,321170444,08 Sauthoff Place
170,Isadora,Joslyn,ijoslynp@gov.uk,"eB5~lVA&3_l>Z",Female,215443.73,759-98-7700,125108450,7129 Schmedeman Center
172,Allina,Sawl,asawl31@deviantart.com,"zT1+H=gd'P#E",Female,189056.33,304-42-6514,111913756,96630 Cambridge Lane
173,Aviva,Plascott,aplascott3q@usgs.gov,"mV7)q}c)""Rh|li",Female,259537.11,232-48-9219,101105244,2 Magdeline Terrace
174,Christina,Yegorovnin,cyegorovnin1x@go.com,"nZ4*ArgVHJ,l8J+",Female,36618.60,698-68-5103,065403875,11 Pierstorff Alley
175,Catarina,Abbots,cabbots3a@google.nl,"sG9&ZSRgP4<1*Y",Female,35195.53,856-24-7523,044115126,6450 Harbort Alley
176,Kerianne,Stych,kstychm@indiegogo.com,"fS7""@{?s(5ti",Bigender,86042.38,565-94-7115,107006554,79870 Main Plaza
177,Alicea,Goede,agoede1f@meetup.com,"kS9@m4,APSO3tK",Female,213716.78,459-12-8510,053112437,4 Jenna Center
178,Lin,Head,lheadq@t-online.de,"hL4>gs@N)xt.*",Male,213389.98,768-87-1400,011201335,97 Barby Crossing
179,Cindy,Yukhin,cyukhinw@deliciousdays.com,"rQ1""iB`rbI",Female,240997.50,785-03-0583,111320006,1 Rutledge Center
180,Juditha,Powers,jpowers1m@oakley.com,"iU9g2w>.bQmax",Female,235402.99,457-27-2290,061212387,209 Colorado Court
183,Aldwin,Kubecka,akubecka44@columbia.edu,"eC9`}q{Urozj>P`",Male,178743.61,430-12-0739,021401617,80 Macpherson Pass
185,Gottfried,Sweedland,gsweedland3g@yellowpages.com,"yW8'=IPAEg0#&I",Male,134321.50,443-64-8972,065403587,11348 Browning Junction
186,Roi,Mullender,rmullender1@telegraph.co.uk,"cP8.OiJAo",Male,45626.76,324-57-0125,061104084,8749 Chinook Crossing
187,Joni,Dallicott,jdallicott3s@blog.com,"bC5{GW1bYPfWzw",Female,77389.88,827-56-6206,031309385,17657 Hoffman Crossing
189,Kevin,Bavidge,kbavidge23@symantec.com,"jM2@GeVRg",Male,251456.05,318-79-0746,103101165,92 Corscot Plaza
190,Constantino,Borkin,cborkin2z@businesswire.com,"hW1_b)c.",Male,137587.16,203-37-2079,021313747,43 Manitowish Parkway
195,Lanie,Orton,lorton1z@ocn.ne.jp,"xR4!5QNq",Male,145079.61,687-24-3845,053202130,0739 Comanche Trail
196,Osmond,Slocomb,oslocomb19@people.com.cn,"pZ7>ftbS+b@*F`",Male,165355.33,789-13-2249,111908127,4318 Nelson Lane
197,Noni,Worden,nworden2n@elpais.com,"mI5|V_?!h1bOQYW",Female,121688.45,578-72-5916,053204280,8968 Dwight Center
199,Alberto,Fatkin,afatkin20@google.pl,"hY2>yQcr",Male,228739.89,847-15-5230,042101404,0187 Monterey Hill
200,Bar,Harding,bharding14@army.mil,"eE6&+N7y,$#",Male,249330.34,495-54-4672,265070532,173 Donald Terrace
202,Gradeigh,Jentet,gjentet3r@networkadvertising.org,"tF1,Pn~!gA?YXei",Male,167723.68,600-28-8032,053112660,193 Jay Court
204,Finn,Rillstone,frillstone28@studiopress.com,"yH5,dAZ6",Male,168567.16,690-84-0461,125108939,65304 Jana Point
208,Sharleen,Agiolfinger,sagiolfinger25@gnu.org,"rF8=~w8qJ0TQm",Female,134749.10,485-88-9461,062102292,410 Eagan Circle
210,Wes,Laurenceau,wlaurenceau45@paginegialle.it,"nD5=O}q?|",Genderqueer,86881.46,779-01-3973,053112220,058 Ridge Oak Place
211,Flora,Delgado,fdelgado2@merriam-webster.com,"eO1`@xb.%+()""",Female,257405.33,567-32-2578,111901580,7422 Calypso Alley
212,Pearline,Agent,pagent16@yelp.com,"tL2#CLDe.",Female,286340.36,141-28-8202,121142779,69139 Green Drive
213,Moreen,Blanking,mblanking5@github.com,"pC2,NCsMu&'<eJ@L",Agender,277613.18,599-30-9383,122401710,600 Lawn Point
214,Sinclare,Rosenfelt,srosenfelt1l@mapquest.com,"fP8@0!WZjI""ph4A",Male,129962.66,699-95-4324,251472555,24 Maywood Drive
215,Morse,Gowrich,mgowrichj@dagondesign.com,"cK0$3B'WQ1?/m~$~",Male,211048.68,803-01-7507,124303007,05991 Waubesa Place
216,Blane,Grimley,bgrimley3h@springer.com,"gG3&B'j~iKZW`OS$",Male,272436.01,413-79-2370,011201380,563 Sunnyside Place
217,Uriah,Maevela,umaevelav@webnode.com,"lP6{OJPs+",Male,299863.70,674-93-4033,284272780,713 Huxley Avenue
218,Izabel,Uccello,iuccello27@plala.or.jp,"tX3!z""W3'+P",Female,21747.40,858-38-7518,072406771,239 Carioca Point
219,Jimmy,Laugharne,jlaugharne2y@weather.com,"jI1)O6{B'R0h",Male,170452.33,294-10-6712,063104312,436 Hermina Circle
220,Freddy,Amorts,famorts1y@google.com,"qP4%wa)<&r",Male,277767.77,808-37-4024,221271469,4 Memorial Court
221,Darya,Cromblehome,dcromblehome24@phpbb.com,"eD3(K`VQ3",Agender,241361.48,158-97-4188,226078049,33 Hudson Road
222,Rossy,Wollers,rwollers3w@harvard.edu,"qF6(rob+",Male,66800.37,203-12-6195,063114700,032 Sutteridge Terrace
223,Cristen,Coster,ccostern@noaa.gov,"yF6<!u7vDu",Female,236088.56,493-35-4298,043308620,8615 Homewood Place
229,Theo,McClinton,tmcclinton36@umn.edu,"pZ1*w@Ph",Female,117834.48,590-86-5890,107005319,9 Porter Pass
230,Germain,O'Hear,gohear2w@columbia.edu,"kV6<)xyVKE17V*",Bigender,253184.23,757-42-1213,021200407,18019 Bashford Parkway
231,Kristien,Ginley,kginley1b@walmart.com,"bL2?Q}`zl3qP@",Female,108682.94,429-34-1877,071123518,9774 Magdeline Parkway
233,Mattias,Brett,mbretta@independent.co.uk,"uP7YDVD",Male,193877.56,286-53-2664,111907102,768 Green Ridge Avenue
234,Elia,Fishby,efishby1c@auda.org.au,"nW0<PILy~",Male,232746.72,766-05-2488,313074493,48493 Derek Crossing
235,Maurice,Gillbe,mgillbe3@latimes.com,"bK1*RRSGCdt&VU",Male,58787.97,690-77-5589,321070104,44288 Dahle Lane
236,Veronica,Stockoe,vstockoeh@businesswire.com,"mG7.h`2HQ|o",Female,49895.84,301-09-0173,011110701,92 Kings Lane
237,Sarajane,Daville,sdaville3m@parallels.com,"hK5)|8gQ",Female,34470.60,556-08-0383,284272625,25730 Algoma Junction
238,Freedman,Petrescu,fpetrescu1e@arizona.edu,"qE7#,qV)|e&b",Male,79672.44,688-16-7309,065403626,3 Huxley Street
239,Salvador,Laherty,slaherty29@prweb.com,"zY6}TO5{",Male,91513.33,296-67-5099,271071402,33 Onsgard Street
240,Pancho,McCaw,pmccaw2t@nhs.uk,"pU3.KUv/",Male,182372.56,514-98-4987,043309975,4 Maryland Alley
241,Farlay,Stoter,fstoter3v@shop-pro.jp,"jJ7>wm8bzp",Genderqueer,111166.10,107-24-3175,084102979,787 Texas Terrace
242,Si,Simes,ssimes2k@nps.gov,"tJ3+s<B1A7ip	",Male,97515.98,756-07-3085,042307224,8 Granby Terrace
243,Maison,Wrate,mwrate2d@alibaba.com,"gY7>9=oqU$D+tL",Non-binary,55909.63,388-98-6496,104908383,23 Clyde Gallagher Center
244,Fredrika,Gehrtz,fgehrtz1w@upenn.edu,"nT8{feML7v@%",Female,224984.59,494-27-1001,122487307,786 Shasta Circle
247,Georges,Pearle,gpearleb@xing.com,"yB2_8&oC",Male,275357.89,131-45-5944,084304243,8446 Forest Dale Avenue
250,Carlita,Prettyjohn,cprettyjohn1u@omniture.com,"iJ7W%hqGHbzN",Female,62257.38,235-43-9875,083902811,692 Pleasure Parkway
251,Shani,Warboys,swarboys2f@exblog.jp,"qB5!N`iE",Female,20082.03,371-64-4870,071004158,86 Nova Trail
252,Aurlie,Bussey,abussey21@pinterest.com,"gH6""4vC7x*I",Female,174288.93,899-54-0510,081206496,51 Hermina Alley
253,Quinton,Artist,qartist1v@europa.eu,"jK9""@rn(cuRNu",Male,291248.03,446-96-8215,114909165,217 Scoville Road
254,Nicky,Rijkeseis,nrijkeseis33@mozilla.org,"oM9$vNjMeD%Ct",Male,243947.15,444-74-8964,122240489,659 Portage Lane
256,Darelle,Wardroper,dwardropere@dedecms.com,"qU3}R3G2",Genderqueer,232045.22,612-77-5172,064207292,54159 Anhalt Trail
257,Linn,Le febre,llefebre1h@artisteer.com,"cE2)=5p@PBqW>",Male,162967.35,582-35-3449,011500010,3557 Eggendart Place
258,Milka,Baulch,mbaulch2a@github.io,"yF7}hVhb@4R&",Female,188512.21,227-85-9022,042104401,092 Lakeland Center
259,Mae,Yansons,myansons11@bravesites.com,"lN0&_xr/,",Female,64964.13,683-91-2351,051074030,65971 Debra Crossing
261,Palm,Sheber,pshebert@kickstarter.com,"cK4?R=ATa#H?a",Male,218304.93,442-26-1035,063116588,96272 2nd Junction
262,Daphne,Bogges,dbogges1a@slate.com,"xN5'>QBiv~%H",Genderfluid,140300.56,268-37-7725,113000861,99223 Arapahoe Parkway
263,Mead,Skune,mskune2q@marketwatch.com,"qH1+SN,48K5s",Male,143312.94,254-68-4640,113014077,61 Commercial Junction
264,Charlene,Adolf,cadolfl@cornell.edu,"eV8#nkU.ZzM",Female,45651.87,518-98-3999,061104518,84096 Katie Junction
265,Ruthy,Lomen,rlomen1q@admin.ch,"cD3{I6H$V",Polygender,76870.82,564-52-5504,242272874,6 Michigan Street
266,Cindi,Wallwork,cwallworkg@quantcast.com,"bA9!w)ja*",Female,207091.83,574-40-6712,111013672,640 Hauk Crossing
267,Kathrine,Graal,kgraal1j@uol.com.br,"bY0!hBz3sr)",Female,54657.47,796-17-0011,054001725,6 Commercial Street
268,Sly,Macenzy,smacenzyy@1688.com,"zJ5Dg%`s",Male,223302.12,233-40-5847,071100010,6 Darwin Lane
269,Aidan,Chesnut,achesnut38@mac.com,"aC4~`BM72",Female,159717.65,154-72-3179,125000105,70017 Raven Terrace
271,Jay,Broadfield,jbroadfield1g@dion.ne.jp,"qZ4""ta`kH7xRQ",Male,287353.26,513-21-2310,125107626,90833 Kim Junction
273,Othello,Leckie,oleckie3y@tripadvisor.com,"bY1%h2wTUQ09BP",Male,254383.96,233-56-2200,101105244,2 New Castle Parkway
274,Yasmeen,Berrycloth,yberrycloth3z@hud.gov,"iJ6(*BJTM,v",Female,138080.49,536-24-7128,061204900,4388 Pleasure Circle
275,Bondon,Foldes,bfoldes3t@hud.gov,"vU0(Q""GfnGs|",Male,245153.63,676-12-1634,113104712,798 Rowland Plaza
276,Glenden,Mantripp,gmantripp2i@uiuc.edu,"lZ1/4#B}Jsun",Male,257776.11,771-20-7761,055002723,11 Ronald Regan Way
277,Jennifer,Vallender,jvallenders@hatena.ne.jp,"iW7{u/SzsSjPVfyP",Female,94070.56,444-27-4933,081905289,8976 Katie Road
279,Oberon,Frosch,ofrosch2p@blogspot.com,"kH3`a3k.",Male,232495.92,707-44-4337,304987298,26 Mcguire Parkway
281,Shelia,Maccrae,smaccrae30@mtv.com,"xE9@JTFy+Z+pIp2",Female,231831.85,862-87-6239,103102106,5 Rusk Circle
282,Von,Wilshaw,vwilshaw3d@shop-pro.jp,"gV6""""v.mI",Male,212061.51,513-62-2728,031309440,7490 Oriole Alley
283,Jeralee,Spaducci,jspaducci12@mediafire.com,"yN0'5zu~E%%Q_R",Genderfluid,247552.53,487-57-6365,122105553,860 Fairview Point
284,Doug,Theuff,dtheuff3k@shareasale.com,"jZ6.Mz~bjO0Nh|$",Male,238091.13,837-99-9916,031316271,18248 Kings Way
285,Irena,Coule,icoule13@ibm.com,"xA3(>DRP",Polygender,220142.62,250-29-7866,113110667,24 Westport Court
286,Florian,Muddicliffe,fmuddicliffe3j@uol.com.br,"qJ7~Do(#v1i`c+",Male,278912.16,367-45-1751,124001545,6 Schurz Way
287,Mahmoud,Tomaszczyk,mtomaszczyk32@nationalgeographic.com,"yM8#""!*DD",Male,224122.60,681-49-5162,082001881,6 Dryden Parkway
288,Shelby,L'Hommeau,slhommeauz@washingtonpost.com,"bM7""derF",Male,25859.98,384-76-4916,053107633,09813 Nevada Point
289,Chrystal,Goadby,cgoadby1n@nature.com,"uD7}=Us1LSorg",Polygender,107219.30,718-53-1586,063116410,96449 Westerfield Hill
293,Werner,Ayce,wayce1t@w3.org,"nC2+Dnx7rOoz12",Male,28288.45,846-95-7893,075917898,54027 Mitchell Pass
296,Sheilakathryn,Darte,sdarte3l@vinaora.com,"lX0.yf+VD(+c7G9I",Female,91875.05,135-33-3653,083907324,31 Dayton Point
297,Astrid,Labat,alabat3b@hp.com,"sT3!@ggh>2",Female,74506.92,274-59-8066,111916423,1 Homewood Avenue
298,Mathew,Kimm,mkimm2c@cafepress.com,"tV6.QG'sDQqQ",Male,177491.68,682-17-1039,062203104,2062 Memorial Way
299,Lexis,Versey,lverseyk@fotki.com,"dE8/Ik7YlE",Female,125057.48,645-20-1990,061209756,7 Ramsey Terrace
300,Laverne,Kembrey,lkembrey2e@apple.com,"sF4_{..v.>ee",Female,129649.88,499-45-8665,081207097,87837 Mitchell Street
301,Chrissie,Scapens,cscapens35@bloglines.com,"tH8_iHpbe$sGx}!&",Male,108906.37,765-59-1423,113118012,3951 Erie Street
302,Ewell,Swatten,eswatten0@quantcast.com,"jY4|8Pw1%2>9",Male,230796.17,591-17-4172,111300932,37 Onsgard Court
303,Anatola,Zebedee,azebedee22@about.me,"kN3!KTFEOBFRz",Female,22413.50,899-94-5875,091803889,95 Reinke Way
304,Alysa,Chawner,achawner3p@discovery.com,"kE9{xj""L",Female,286579.62,117-11-6665,053204280,2 Sheridan Plaza
305,Kalila,Gimblet,kgimblet2j@csmonitor.com,"oV9_?rVZwx0sP",Female,299568.89,343-04-5537,021000021,361 Ridgeview Plaza
306,Alyosha,Romera,aromera7@slate.com,"uL7)%o}_J+/W",Male,72528.50,331-75-8510,084202442,29252 Towne Trail
307,Tedra,Zoanetti,tzoanetti1i@cloudflare.com,"nP6*y$uZy2AyWDNC",Female,60291.32,839-38-7987,274970775,53 Morning Center
308,Stafford,Robelet,srobelet2g@theguardian.com,"tB6*|<?b",Male,293406.61,785-51-2697,241270039,125 Dwight Plaza
309,Venus,Gaywood,vgaywoodo@spotify.com,"hZ3=OF.0N<dst",Female,196138.93,777-81-2761,065301689,15 Brentwood Avenue
310,Milly,Kleiner,mkleinerf@google.ca,"qY8&Z(u.2",Female,257493.45,124-82-5662,061110557,4480 Heffernan Street
311,Wally,Allman,wallman3f@exblog.jp,"tR3$&7g9ZST",Male,190939.22,540-83-0809,291471066,1184 Straubel Point